ASIN,Replacement
B0CJ8K8C4L,PEACH-3COM-01
B0FX94RLCB,PINK+D.BLUE-GLOVES-02
B0DNXYX86V,L.PINK-SQ-02
B0FH9SLLGD,L.COLOR-3COM-04
B0BPGRN1NW,L.GREEN-RH-01
B0BZYP1MG5,PEACH-RH-01
B0DHKYG3W4,GREY-MAT-04
B0FZGQZ84C,M.COLOR-4COM-04
B0GCZQM2RJ,BLACK-CR-01
B0GL281B5W,MAG-SQ+RH-02
B0GYJN2SML,PEACH-MAT-02
B0BTWBSZJK,GREY-SQ-04
B0FK4PH4CB,D.GREEN-MAT-06
B0F43XH2F6,L.BLUE-3COM-01
B0DH92DQ41,L.GREEN-GLOVES-01
B0FL2HV5MK,L.BLUE-4COM-02
B0F1MS13SN,SAGA+D.PINK-3COM-02
B0DY7M5PPN,BLACK-BALL-01
B0GG1VPVND,L.BLUE-3COM-01
B0FQPDYLZ5,GREY+SAGA+PEACH+D.PINK-4COM-04
B0BG1C5TZ5,PINK-HEART-03
B0DHKW2SQ8,SAGA-MAT-04
B0FQP9TD9H,L.BLUE-4COM-06
B0FQP9HL1H,L.COLOR-4COM-06
B0DPQ2BW9S,WHITE-4COM-01
B0DGXH5KLT,L.COLOR-3COM-04
B0H1X5HSN3,D.BLUE-HEART-02
B0GZZMGBWJ,MAG-CR-01
B0GQ3BN8QX,L.COLOR-3COM-06
B0GDG2MY95,PINK-RH-02
B0GZK8HC2F,MAG-CR+F.BALL-02
B0CZVV8BVF,L.GREEN-L.GLOVES-01
B0GYJMW1H1,SAGA-MAT-02
B0GWDD2H3D,PINK-F.BALL-02
B0DHFT9F2W,GREY-GLOVES-01
B0F3J4H273,L.RED-3COM-04
B0DYXPW42X,WHITE-LID-01
B0GDFYVR67,L.GREEN-RH-02
B0GWD44L52,ORANGE-F.BALL-02
B0GT5C9RTL,L.GREEN+SAGA-SQ-02
B0GYJKQNBH,VIOLET-MAT-02
B0G7DFVNLR,L.BLUE+L.GREEN-SQ-02
B0H1WXZXLR,VIOLET-HEART-02
B0DSVJFP1J,BLACK-CR/L-01
B0GCZRYH6T,D.BLUE-CR-01
B0CJBBMQFW,GREY-3COM-01
B0FQP969Y3,L.COLOR-4COM-04
B0GWDHTMX1,MAG-F.BALL-02
B0D46XRJBR,BLACK-BALL+SQ-02
B0DZ686574,D.COLOR-4COM-04
B0F9K93F28,L.BLUE+D.PINK-4COM-02
B0GG1JRS7V,D.RED-4COM-02
B0DMVKLPDY,WHITE-HEART-01
B0C7655G2R,L.BLUE-3COM-01
B0FPVYXLJW,GREEN+PINK+BLUE-O.HEART-03
B0GZZTTFM3,L.GREEN-CR-01
B0DNXY14V4,L.BLUE-SQ-02
B0DW8W7JR6,L.BLUE+D.PINK-4COM-02
B0FHB4F68D,GREY+2BROWN+PEACH-3COM-04
B0GW8B3PXP,PINK-CR/L-01
B0DHKVY4CP,YELLOW-MAT-04
B0GWDHS4VC,L.BLUE-F.BALL-02
B0DYMT9FM3,PEACH-RH-01
B0F47LYRF6,L.BLUE-3COM-01
B0DZWYZFHH,PINK+RED-O.HEART-02
B0H1WYDPCZ,BROWN-HEART-02
B0GL7Y2MMT,BLACK-F.BALL-01
B0FLY3KJ9C,PINK-O.HEART-01
B0GW8N7L7W,PINK-CR-01
B0F1D91QT4,L.BLUE-SQ-02
B0GQ9ZBVKT,BLACK-CR-01
B0GQTHM5DD,BLACK-CR/L+B.BALL-02
B0GS5J9PFM,BLUE-3COM-01
B0GS5YKSML,BLUE-4COM-01
B0GQ9CP3DF,D.BLUE-CR-01
B0GQTH6PBX,D.BLUE-CR/L+F.BALL-02
B0CH199XVZ,D.BLUE-SQ-02
B09MHJ9LLC,GREY-SQ+BALL-02
B09TP4J34X,BLACK-BALL+SQ-02
B0DFHPTV4H,GREY-SQ-02
B0GWDDRW6R,D.GREEN-F.BALL-02
B0GT55D3TV,BLACK+WHITE-SQ-02
B0GVYPXQPM,ORANGE-CR/L-01
B0DFHCVND5,BLACK-BALL-01
B0F1ZFS8SZ,D.YELLOW-SQ-02
B0FQTP9GNF,L.COLOR-3COM-04
B0DST65DFG,GREY-SQ-02
B0D9PZ2WHH,SAGA-3COM-01
B0CRH8ZGCX,BLACK-CR-01
B0F1D8MNY2,L.BLUE-SQ-01
B0CSSBP243,D.COLOR-4COM-04
B0GG23Q2Y9,L.BLUE-3COM-1
B0GG23Q2Y9,SAGA-4COM-1
B0CLNYW3Z8,PEACH-HEART-02
B0GS59HP35,D.GREEN-3COM-01
B0GS681ZVK,D.GREEN-4COM-01
B0F3J493ZV,SAGA-3COM-04
B0GS55CRPF,D.PINK-3COM-01
B0GS5MTTTH,D.PINK-4COM-01
B0GT5DXGHT,D.GREEN+SAGA-SQ-02
B0D4TV6ZST,BLACK-CR+BALL-02
B0GXFCLD5V,L.BLUE-CR-01
B0GWDDYGNJ,GREY-F.BALL-02
B0DQL22N42,BLACK-CR-02
B08JYWF3PK,RED-LID-02
B0CZ47CSGR,PINK-O.HEART-01
B0GJTMWFV4,BLACK-F.BALL-02
B0FK4QC1CF,WHITE-MAT-06
B0FR4TRVZW,L.COLOR-3COM-04
B0GD1GNBGP,GREY-CR-01
B0F7SLX1HD,PINK-HEART-02
B0FK4MHZCY,WHITE-MAT-04
B0GDG5B3G1,MAG-RH-02
B0GCZW7DZS,L.GREEN-CR-01
B0F7QXCL5T,L.COLOR-3COM-06
B0GL25FJPB,L.GREEN-SQ+RH-02
B0DHKYPMQP,VIOLET-MAT-04
B0FQ5QGGTG,D.COLOE-4COM-04
B0GW35HTSJ,L.GREEN-CR/L-01
B0FHB4LSK8,DARK.TO.LIGHT-BLACK-3COM-04
B0D4DCK7GW,BLACK-SQ-02
B0GW3GWJR3,D.GREEN-CR/L-01
B0GG16CB88,SAGA-3COM-01
B09XM42QC4,GREY+L.PINK+L.BLUE+YELLOW-SQ-04
B0GMQNK76M,BLACK+ORANGE-L.GLOVES-02
B0GMRGMCD8,BLACK+PINK-L.GLOVES-02
B0GMRGMCD9,D.BLUE+GREEN-L.GLOVES-02
B0GMQWLSQY,D.BLUE+PINK-L.GLOVES-02
B0GMRGPP4L,L.GREEN+PINK-L.GLOVES-02
B0GMQWW4BV,ORANGE+L.GREEN-L.GLOVES-02
B0GMR25X14,VIOLET+L.GREEN-L.GLOVES-02
B0GW3PY3CN,VIOLET-CR/L-01
B0GQ9KY99R,GREY-CR-01
B0GQTLWT17,GREY-CR+F.BALL-02
B0GQB1PLLK,D.GREEN-CR-01
B0GQTNFGTK,D.GREEN-CR+F.BALL-02
B0GS5HY3T4,GREY-3COM-01
B0GS5SR7NB,GREY-4COM-01
B0FRFZMTF6,GREY-SQ-02
B0G6KP5CKC,GREY-SQ-03
B0GT4NYL25,WHITE-CR-01
B0GMQQ379B,BLACK+ORANGE-S.GLOVES-02
B0GMQZGCN6,BLACK+PINK-S.GLOVES-02
B0GMQY779Z,D.BLUE+GREEN-S.GLOVES-02
B0GMR3K4LM,D.BLUE+PINK-S.GLOVES-02
B0GMR56FQC,L.GREEN+PINK-S.GLOVES-02
B0GMQTW66D,ORANGE+L.GREEN-S.GLOVES-02
B0GMQTSPB7,VIOLET+GREEN-S.GLOVES-02
B0DFCW94SS,GREY-SQ-02
B0CZBRXGDF,SAGA-3COM-01
B0F8BK6LVG,D.COLOR-4COM-06
B0GG1FJQ6G,L.VIOLET-3COM-01
B0GG1FJQ6G,D.GREEN-4COM-01
B0G6CRLDMW,BLACK-SQ-03
B0D4V2RS3D,PINK-GLOVES-01
B0D4TMRC71,GREY-B.BALL-01
B0CCNXJJKG,L.BLUE-SQ-04
B0GW8HTJFV,D.GREEN-CR-01
B0GL25YGJX,BLACK-SQ+RH-02
B0D7MY332G,L.GREEN-SQ-02
B0GDG2LK8X,D.BLUE-RH-02
B0DGFCXL7J,BLACK-SQ-02
B0DRV6QN3Z,D.GREEN-G.BALL-01
B0F1ZH6SGW,D.YELLOW-SQ-04
B0GY7WH761,GREY-RH-02
B0FGY41VXR,L.COLOR-3COM-03
B0GZK61MWM,L.GREEN-CR+F.BALL-02
B0BPGXX288,PEACH-RH-01
B0F3J5V5J4,L.BLUE-3COM-04
B0GDG3KLX3,VIOLET-RH-02
B0CG1WXK52,L.BLUE-4COM-01
B0CN9T1GCR,L.VIOLET-3COM-01
B0GT5S4PTJ,VIOLET+MAG-SQ-02
B0DHKZN6QM,SAGA+GREY+YELLOW+VIOLET-MAT-04
B0DNXYKZY3,L.GREEN-SQ-02
B0CZWG7P96,GREY-GLOVES-01
B0FX926DR5,VIOLET+GREY-GLOVES-02
B0FJQWJ5WY,L.COLOR-3COM-06
B0GS58VQWC,L.GREEN-3COM-01
B0GS5RRCBW,L.GREEN-4COM-01
B0D128PTP8,L.BLUE-F.BALL-01
B0BZHCF2ND,PEACH+L.GREEN-RH-02
B0GS5LTSXJ,L.PINK-3COM-01
B0GS5Z3Z88,L.PINK-4COM-01
B0GS55W1RC,L.VIOLET-3COM-01
B0GS57FD6J,YELLOW-3COM-01
B09W1B2JGL,WHITE-HEART-02
B0GL284YKG,VIOLET-SQ+RH-02
B0GKPCH11K,D.BLUE-MAT-02
B0GKPQVGQL,GREY-MAT-02
B0GKPRWDJV,L.GREEN-MAT-02
B0GKPPK96D,ORANGE-MAT-02
B0GKPFC7KB,PINK-MAT-02
B0GKPFKBLM,WHITE-MAT-02
B0GCZH125Q,MAG-CR-01
B0DYNZB325,BLACK-B.BALL-01
B0H1WYQMJ6,PINK-HEART-02
B0DYNZM14V,BLACK-F.BALL-01
B0GT4K8TBS,MAG-CR/L-01
B0GT58CQJW,BLUE+L.BLUE-SQ-02
B0FRFZQDZ6,BLACK+GREY+SAGA+L.BLUE-SQ-04
B0FRG3M6X8,SAGA-SQ-02
B0D7MT6SZN,L.BLUE-SQ-02
B0BXT7QQSZ,BLACK-B.BALL-01
B0DMF1V7SJ,BLACK-CR/L-01
B0D3Q1C5V8,PEACH-RH-02
B0BTDHHCSF,BLUE+WHITE-LID-02
B0GL2H8VKS,L.BLUE-SQ+RH-02
B0GZKH54XZ,L.BLUE-CR+F.BALL-02
B0DSLMQVJP,WHITE-SQ-02
B0GQ24QMZ1,GREEN+YELLOW-3COM-02
B0CN9QLSDM,L.BLUE-3COM-01
B0GZZL6SXM,L.BLUE-CR-01
B0CJ8L5NNJ,RED-3COM-01
B0CG8ZJXG7,D.COLOR-4COM-04
B0GS55KGBF,ORANGE-3COM-01
B0DFHD3SG5,BLACK-BALL-04
B0BVTYQSBS,MAG-HEART-03
B0GL84RW2Z,BLACK-CR/L-01
B0D4DRXCFD,BLACK-SQ-01
B0FL2HV5MK,L.BLUE-4COM-02
B0GS56XCPK,PEACH-3COM-01
B0GS69V6Y3,PEACH-4COM-01
B0DHKWT8RK,GREY-MAT-02
B0F7QN1S8R,L.BLUE+L.PINK+L.GREEN-SQ-03
B0GS5S72QD,PINK-3COM-01
B0GS64FBGH,PINK-4COM-01
B0GQ9PMRFG,PINK-CR-01
B0GQTP22D7,PINK-CR+F.BALL-02
B0B2R6GS1J,BLACK-SQ-04
B0FK4N7F26,D.GREEN-MAT-04
B0DFWPH27H,L.COLOR-4COM-04
B0GT4QYDWJ,GREY-CR-01
B0DZJ188KB,BLUE-SQ-02
B0GG216NST,SAGA-4COM-01
B0FQPC6H8N,L.COLOR-4COM-06
B0GMHLQ6QT,PINK+GREEN+YELLOW+BLUE-3COM-04
B0BK8645RY,GREY-SQ-02
B0H1X5ZXZJ,PEACH-HEART-02
B0FK4K4K7Q,D.YELLOW-MAT-06
B0GT5N62Y7,BLACK+GREY-SQ-02
B0D2R34ZFM,PINK-O.HEART-02
B0DTQ8N4T4,BLACK-SQ+BALL-02
B0FZGRCSNB,L.COLOR-4COM-04
B0C1LZ2NTR,BLACK-SQ-02
B0F3J5G518,D.ORANGE-3COM-04
B0FK4MF9JS,D.YELLOW-MAT-04
B0DHKXWVXT,SAGA-MAT-02
B0DYY72Y79,BLACK-SQ-02
B0GS5F7KMG,SAGA-3COM-01
B0GS5ZTK4R,SAGA-4COM-001
B0GS5Z4S1T,L.BLUE-4COM-01
B0FNL7XMK4,D.GREEN-LRED-3COM-02
B09W1B2JGL,WHITE-HEART-02
B0GS5BVCG4,L.BLUE-3COM-01
B0GG23SVWX,L.BLUE-4COM-01
B0GWD92PG4,VIOLET-F.BALL-02
B0DHRXRKYF,RED-O.HEART-02
B0DHRXRKYF,PEACH-O.HEART-01
B0GYJWDL1B,D.GREEN-MAT-02
B0DGFCRDW5,L.PINK-SQ-02
B097R8KSS4,D.YELLOW-3COM-01
B0DB7Q9ZR5,BLACK-SQ-02
B0GL2798PG,PINK-SQ+RH-02
B0GWRDKLTQ,ORANGE-3COM-02
B0GDFVTDBM,PEACH-RH-02
B0GCZS6WRW,VIOLET-CR-01
B0FBX2TRY7,PEACH-3COM-04
B0FWRHGZD3,RED-O.HEART-03
B0DRK72Y13,BLACK-F.BALL-01
B0GS56587N,VIOLET-3COM-01
B0FZ42QQJY,L.VIOLET-3COM-01
B0GQ9STBWM,VIOLET-CR-01
B0GQTG2594,VIOLET-CR/L+F.BALL-02
B0DNXXR7HT,ORANGE-SQ-02
B0F4JJR1HW,WHITE-LID-01
B0GDFZY8M3,BLACK-RH-02
B0G5MVXB88,SAGA+GREY+L.BLUE+L.PINK-SQ-04
B0GQ9TM4Y6,WHITE-CR-01
B0GQTNF13L,WHITE-CR+F.BALL-02
B0GL2GDM1Q,GREY-SQ+RH-02
B0GZZHSQM4,ORANGE-CR-01
B0FDQ54SFT,BLUE-LID-01
B091D98GZK,BLACK-SQ-02
B0GWDDNBX4,L.GREEN-F.BALL-02
B0DSKYS4MC,L.BLUE-CR+BALL-02
B0F7QTXNY4,SAGA+PEACH+D.BLUE+D.PINK+ORANGE+GREY-3COM-06
B0GT5L6SLD,L.PINK+PINK-SQ-02
B0F7QXM7TZ,L.COLOR-3COM-06
B0F1MS1YQG,L.BLUE+PEACH-3COM-02
B0BXT5L6TY,BLACK-F.BALL-01
B0H1X65GTB,L.GREEN-HEART-02
B0CK2CWJWD,PEACH+GREEN+BLUE+PINK-3COM-04
B0H1X43K55,MAG-HEART-02
B0FHB431Y8,DARK+LIGHT+SKEY+MID.BLUE-3COM-04
B0GVXVWY3Z,ORANGE-CR-01
B0DZJ2CN1P,BLUE-SQ-04
B0F473N3XF,SAGA-3COM-01
B0GQ2VWYLM,GREY-3COM-01
B0H1X635J1,WHITE-HEART-02
B0FR4NRMP9,M.COLOR-3COM-04
B0FQBM7S83,BLACK-GLOVES-01
B0BTRMWF19,L.GREEN-F.BALL-01
B0BTRMWF19,L.BLUE-B.BALL-01
B0BTRMWF19,BROWN-BALL-01
B0DGX5SS5F,L.COLOR-3COM-04
B0FRFZ2GXL,BLACK-SQ-02
B0CH1BFVG6,D.GREEN-SQ-02
B0GJZ787NQ,GREEN+VIOLET+PINK-O.HEART-03
B0GQGQ695T,D.BLUE-B.BALL-01
B0GQGK3TTG,L.GREEN-F.BALL-01
B0BTS9F57X,D.BLUE-B.BALL-01
B0C5MP2BY8,BLUE-SQ-02
B0CHWLMMXQ,BLACK-RH-01
B0CHWKBKPK,L.GREEN-RH-01
B0CS9B31W3,BLACK-SQ-01
B0H5554FQ4,WHITE-CR-01
B0H5554FQ4,WHITE-HEX-02
B0H55H6WQ1,D.BLUE-CR-01
B0H55H6WQ1,D.BLUE-HEART-02
B0H5CJN3XV,GREY-RH-01
B0H5CJN3XV,GREY-HEART-02
B0H55CWNPL,BLACK-CR+SQ-02
B0H55FMNJL,VIOLET-CR+RH-02
B0H5CMQSDW,VIOLET-RH-01
B0H5CMQSDW,VIOLET-HEART-02
B0H5C4HZ13,L.GREEN-RH-01
B0H5C4HZ13,L.GREEN-HEART-02
B0H5C76H8B,PEACH-RH-01
B0H5C76H8B,PEACH-HEART-02
B0H557X13W,D.GREEN-CR-+SQ-02
B0H5CCCV82,D.BLUE-RH-01
B0H5CCCV82,D.BLUE-HEART-02
B0H55FDRFV,MAG-CR-01
B0H55FDRFV,MAG-HEX-02
B0H5568MDC,ORANGE-CR+B.BALL-02
B0H5JP4M54,VIOLET-4COM-01
B0H5JP4M54,GREEN-3COM-01
B0H55DC36W,PINK-CR-01
B0H55DC36W,PINK-RH-01
B0H55KYKY2,L.GREEN-CR-01
B0H55KYKY2,L.GREEN-HEART-02
B0H55849HT,GREY-CR+B.BALL-02
B0H5CBYHMK,BLACK-RH-01
B0H5CBYHMK,BROWN-HEART-02
B0H5568MD9,L.BLUE-CR-01
B0H5568MD9,L.BLUE-CUB-02
B0H5CB5GZP,MAG-RH-01
B0H5CB5GZP,MAG-HEART-02
B0H5CJV382,PINK-RH-01
B0H5CJV382,PINK-HEART-02
B0DPHN557K,BROWN-HEART-02
B0H5WS7Y27,PINK-HEART-02
B0H5WYV8WK,BROWN-HEART-02
B0FRG4M42T,L.BLUE-SQ-02
B0FRG9Z27B,L.PINK-SQ-02
B0GVJ1Y2N7,D.GREY-MAT-04
B0GVJ7F5W6,SAGA-MAT-04
B0GVJ8J92M,BLACK-MAT-06
B0H6G1ZDL2,BLACK-CR/L-02
B0H6G1ZDL2,GREY-CR/L-01
B0H6G78T46,BLACK+GREY-CR/L-02
B0H6FV7QSX,BLACK+WHITE-CR/L-02
B0H6FV7QSX,GREY-F.BALL-01
B0H6FJ9Z6M,VIOLET-SQ-04
B0H6FCGQCB,WHITE+D.BLUE+L.BLUE+SAGA-SQ-04
B0H6FZ9NLD,BLACK-CR/L-02
B0H6FZ9NLD,WHITE-CR/L-01
B0H6FWLJBF,BLACK+WHITE-CR/L-02
B0H6FKHVK3,MAG+PINK+RED+VIOLET-SQ-04
B0H6FYG8LG,ORANGE+WHITE-CR/L-02
B0H6FYG8LG,PEACH-RH-01
B0H6F6LNC9,SAGA-SQ-04
B0H6FYGF44,BLACK+GREY+WHITE-CR/L-03
B0H6FGT3FF,GREY+L.BLUE+D.GREEN+L.GREEN-SQ-04
B0H6GGXVHC,MAG-CR/L-02
B0H6GGXVHC,PINK-CR/L-01
B0H6G1PC7N,MAG+PINK-CR/L-02
B0H6G2VTJD,BLACK-CR/L-03
B0H6G5Y3RJ,BLACK-CR/L-02
B0H6G9BVHT,PINK+ORANGE-CR/L-02
B0H6G7HJ73,VIOLET+MAG+PINK-CR/L-03
B0H6FXD13M,D.BLUE+L.BLUE-CR/L-02
B0H6FXD13M,L.BLUE-F.BALL-01
B0H6FTJYMQ,BLACK+GREY-CR/L-02
B0H6FTJYMQ,GREY-B.BALL-01
B0H6FHT34T,MAG-SQ-04
B0H6F786DL,GREY+L.PINK+L.BLUE+YELLOW-SQ-04
B0H6G6VBL4,VIOLET-CR/L-02
B0H6G6VBL4,MAG-CR/L-01
B0H6FW7N7H,D.GREEN+L.GREEN-CR/L-02
B0H6FW7N7H,D.GREEN-B.BALL-01
B0H6FCYNVZ,BLACK+WHITE+GREY+D.GREEN-SQ-04
B0H6F7VFN5,D.BLUE+L.BLUE+D.GREEN+L.GREEN-SQ-04
B0H6F8MLRH,BLACK+WHITE+GREY+VIOLET-SQ-04
B0H6G5GZBK,D.GREEN+L.GREEN-CR/L-02
B0H6G3K2RC,D.GREEN-CR/L-02
B0H6G3K2RC,L.GREEN-CR/L-01
B0H6G7FMB7,D.BLUE-CR/L-02
B0H6G7FMB7,L.BLUE-CR/L-01
B0H6G8PD9K,D.BLUE+L.BLUE-CR/L-02
B0H6G2T6DZ,WHITE-CR/L-02
B0H6G2T5HN,WHITE-CR/L-03
B0H6GDLCDD,D.GREEN+L.GREEN+GREY-CR/L-03
B0H6FKTFPX,D.GREEN-SQ-04
B0H6G24CSB,BLACK-CR/L-02
B0H6G24CSB,BLACK-F.BALL-01
B0H6G9BTX3,D.BLUE+L.BLUE+BLACK-CR/L-03
B0H6FCHM2R,BLACK+D.BLUE+L.GREEN+MAG-SQ-04
B0H6G9JTMS,GREY-CR/L-03
B0H6G2CNRJ,GREY-CR/L-02
B0H6FBP92Q,BLACK-SQ-04
B0H6G5LRT7,VIOLET+PINK-CR/L-02
B0H6G5LRT7,PINK-RH-01
B0H6F9JQ5C,BLUE-SQ-04
B0H6F8LWPB,GREY-SQ-04
B0GTW311PV,MAG+VIOLET-CR/L-02
B0H28HV1F3,L.BLUE-MAT-04
B0H28KQRHR,GREEN-MAT-04
B0H28JQS5R,D.ORANGE-MAT-04
B0CH84YVP4,D.GREEN-SQ-02
B0H8Y2L1M2,L.BLUE-HAND-01
B0H8YX8RC9,MAG-DOG-01
B0H99FQHBZ,BLACK-SQ-02
B0H996G3CY,BLACK-SQ-03
B0H99GDQLX,BLACK-SQ-04
B0H8SXQH6X,D.BLUE-HAND-01
B0H8S778Y6,D.BLUE-HAND+DOG+ELE-03
B0H94LZYPK,RED-UNICORN-01
B0H8XPPS12,RED-HAND-01
B0H94L3YYX,RED-MAP-01
B0FQ5HSRSD,ORANGE-GLOVES-01
B0H8S1QPTX,PINK-HAND+DOG+ELE-03
B0H94LJ1HK,RED-TEDDY+UNICORN-02
B0H94VRNNQ,RED-TEDDY-01
B0H8YQ78DV,L.GREEN-ELE-01
B0FHHTPGR7,L.BLUE-GLOVES-01
B0BVVK4MK2,PINK-GLOVES-01
B0BCWQFT4X,D.BLUE-GLOVES-01
B0FNVBP65S,BLUE+WHITE-LID-02
B08DQWF147,BLUE+WHITE-LID-02
B0CHP225PQ,WHITE-LID-01
B0HB46KSHY,VIOLET-GLOVES-02
B0D7TDV1NG,BLUE+WHITE-LID-02
B0C6K2G13V,GREEN+BLUE+PINK-LID-03
B0G8GTXQZ6,WHITE-LID-01
B0HBJXPL8P,D.GREEN-MAT-04
B0HB465PYS,YELLOW-GLOVES-02
B0HB49JLVK,PINK-GLOVES-02
B0CJMC5KKD,BLACK-SQ-03
B0HB59PL65,BLUE-GLOVES-01
B0HB3WKQ7Y,GREY-GLOVES-02
B0HBJT7XYL,GREEN-MAT-04
B0HB3YRX4C,ORANGE-GLOVES-02
B0HBJV4BD4,L.BLUE-MAT-04
B0HBK6BDS1,SAGA-MAT-04
B0HBJZ4WVN,VIOLET-MAT-04
B0HB425ZTD,RED-GLOVES-02
B0HB45K7PM,BLUE-GLOVES-02
B0HBJTRLY3,D.ORANGE-MAT-04
B0HB3Z68GP,BLACK-GLOVES-02
B0G8GM9NGC,PINK-LID-01
B0G8G4P5W4,BLUE-LID-01
B0HB3Z22FJ,GREEN-GLOVES-02
B0G8HCMQFY,GREEN-LID-01
B0FPCHGJ7H,L.OINK-MAT-06
B0FPCGV95Y,L.BLUE-MAT-06
B0FPCH8C7F,WHITE-MAT-06
B0HBWLQ1LS,VIOLET-TEDDY+MAP-02
B0HBWN32D6,BLUE-TEDDY+UNICORN+MAP-03
B0HBWVM4D6,GREEN-UNICORN+MAP-02
B0CJM89C76,PEACH-4COM-01
B0F8TXNLH3,PEACH+SAGA+L.BLUE+D.PINK-4COM-04
B0CJ91HQLQ,L.BLUE-4COM-01
B0CMTP9B82,D.PINK-4COM-01
B0CMTPVZHQ,GREY-4COM-01
B0CMTLY3VT,BROWN-4COM-01
B0CJ8RZ3HZ,SAGA-4COM-01
B0HBXDRCKL,GREEN-MAT-02
B0HBXB5N4T,L.BLUE-MAT-02
B0DSFYWW6G,BLUE-SQ-02
B0HCNJR7PJ,VIOLET+MAG+PINK-SQ-03
B0DZPFB7PZ,BLUE+PINK+SAGA+BLUE+PINK+SAGA-SQ-06
B0DZPG55M6,BLUE+SAGA+L.PINK-SQ-03
B0F6TNT1JB,VIOLET+L.BLUE+L.PINK-SQ-03
B0DSFXNNLR,BLUE-SQ-04
B0D2HLV7VK,BLACK-SQ-02
B0F6VC18QQ,BLACK-SQ-03
B0D2HPP5T5,BLACK-SQ-02
B0FVDXMS9Q,BLUE-SQ-04
B0DNXY3JT5,GREY-SQ-02
B0DK1J1229,SAGA-SQ-02
B0HCNMG6FC,BLACK+GREY+L.GREEN-SQ-03
B0FHB2GQL2,WHITE-HEART-02
B08CN4QT8R,BLACK-SQ-02
B0D429DM3L,BLUE-GLOVES-01
B0H6M7Q5J2,RED-GLOVES-01
B0H6M5CB7D,PINK-GLOVES-01
B0HD7NQ283,BLACK-F.BALL-02
B0FQ5DV9VN,D.BLUE-GLOVES-01
B0D428CWGM,GREY-GLOVES-01
B0FP5JL7VR,BLUE-GLOVES-01
B0GQ38RZ23,VIOLET-GLOVES-01
B0DHKYFV7J,VIOLET-MAT-02
B0DHKX69RZ,YELLOW-MAT-02
B0HHDZJZNP,L.VIOLET-SQ-04
B0HH98D796,L.PINK-SQ-01
B0HH99DP9Y,L.PINK-SQ-02
B0HH9BG5ZQ,L.PINK-SQ-03
B0HH9BTWKM,L.PINK-SQ-04
B0HHDLC895,L.VIOLET-SQ-01
B0HHDR54V7,L.VIOLET-SQ-02
B0HHDBDFBS,L.VIOLET-SQ-03
B0FQ5DV9VN,BLUE-GLOVES-01
B0HK3HZ6BM,RED-HAND-02
B0HJZTHV19,PINK+GREEN+BLUE+RED-TOY-04
B07L8DP77F,RED-HAND-01
B0HK12J21Y,RED-HAND-01
B0HK117S4R,RED+GREEN+BLUE-HAND-03